Unnamed: 0,id,username,acct,display_name,locked,bot,discoverable,group,created_at,note,url,avatar,avatar_static,header,header_static,followers_count,following_count,statuses_count,last_status_at,emojis,fields,idx,noindex,moved,suspended,limited,directory,roles,uri,discipline
1,1.09292E+17,anaivas,anaivas@mastodon.ie,Ana Ivasiuc,FALSE,FALSE,TRUE,FALSE,11/6/2022,"<p>Social anthropologist with a passion. Urban insecurity, race &amp; racism, Roma, far-right, policing, surveillance.</p><p>The header is from Ruth Behar, The Vulnerable Observer, 1996</p>",https://mastodon.ie/@anaivas,https://files.mastodon.social/cache/accounts/avatars/109/292/347/780/006/776/original/492a13110d9e2f58.jpg,https://files.mastodon.social/cache/accounts/avatars/109/292/347/780/006/776/original/492a13110d9e2f58.jpg,https://files.mastodon.social/cache/accounts/headers/109/292/347/780/006/776/original/000baf3f1eeff2fb.png,https://files.mastodon.social/cache/accounts/headers/109/292/347/780/006/776/original/000baf3f1eeff2fb.png,188,285,1,11/6/2022,[],[],0,,,,,11/23/2022 9:12,,,Anthropologists
2,1.09287E+17,anthrobirder,anthrobirder@mstdn.social,Andrew Whitehouse,FALSE,FALSE,TRUE,FALSE,11/22/2022,"<p>Anthropologist at University of Aberdeen. Quite interested in birds and post photos, mainly from Girdle Ness in Aberdeen. Work on human-bird relations and things to do with conservation.</p>",https://mstdn.social/@anthrobirder,https://files.mastodon.social/cache/accounts/avatars/109/287/404/708/135/353/original/2d354bae45221474.jpg,https://files.mastodon.social/cache/accounts/avatars/109/287/404/708/135/353/original/2d354bae45221474.jpg,https://files.mastodon.social/cache/accounts/headers/109/287/404/708/135/353/original/8cec30f9dc2e4a8c.jpg,https://files.mastodon.social/cache/accounts/headers/109/287/404/708/135/353/original/8cec30f9dc2e4a8c.jpg,204,134,15,11/22/2022,[],[],3,,,,,11/23/2022 9:12,,,Anthropologists
4,1.09296E+17,anthropam,anthropam@climatejustice.social,Pamela Cajilig,FALSE,FALSE,TRUE,FALSE,11/22/2022,"<p><a href=""https://climatejustice.social/tags/design"" class=""mention hashtag"" rel=""nofollow noopener noreferrer"" target=""_blank"">#<span>design</span></a> <a href=""https://climatejustice.social/tags/anthropology"" class=""mention hashtag"" rel=""nofollow noopener noreferrer"" target=""_blank"">#<span>anthropology</span></a> x <a href=""https://climatejustice.social/tags/disaster"" class=""mention hashtag"" rel=""nofollow noopener noreferrer"" target=""_blank"">#<span>disaster</span></a> &amp; <a href=""https://climatejustice.social/tags/climate"" class=""mention hashtag"" rel=""nofollow noopener noreferrer"" target=""_blank"">#<span>climate</span></a>. Nature-based solutions <a href=""https://climatejustice.social/tags/NbS"" class=""mention hashtag"" rel=""nofollow noopener noreferrer"" target=""_blank"">#<span>NbS</span></a>. Intersectional <a href=""https://climatejustice.social/tags/feminist"" class=""mention hashtag"" rel=""nofollow noopener noreferrer"" target=""_blank"">#<span>feminist</span></a>. Loves animals adores dogs. </p><p>Associate-WWF USA <a href=""https://climatejustice.social/tags/Environment"" class=""mention hashtag"" rel=""nofollow noopener noreferrer"" target=""_blank"">#<span>Environment</span></a> &amp; Disaster Management <br>Global Fellow-Brown University Center for Human Rights &amp; <a href=""https://climatejustice.social/tags/Humanitarianism"" class=""mention hashtag"" rel=""nofollow noopener noreferrer"" target=""_blank"">#<span>Humanitarianism</span></a><br>Co-founder-Curiosity<br><a href=""https://climatejustice.social/tags/UNDRR"" class=""mention hashtag"" rel=""nofollow noopener noreferrer"" target=""_blank"">#<span>UNDRR</span></a> Women's International Network 2021 APAC Leadership Awards Rising Star Finalist</p><p>Nearly PhDone-RMIT School of <a href=""https://climatejustice.social/tags/architecture"" class=""mention hashtag"" rel=""nofollow noopener noreferrer"" target=""_blank"">#<span>architecture</span></a> &amp; <a href=""https://climatejustice.social/tags/urbandesign"" class=""mention hashtag"" rel=""nofollow noopener noreferrer"" target=""_blank"">#<span>urbandesign</span></a><br>Thesis summary: <a href=""https://tinyurl.com/2s9ae2vy"" rel=""nofollow noopener noreferrer"" target=""_blank""><span class=""invisible"">https://</span><span class="""">tinyurl.com/2s9ae2vy</span><span class=""invisible""></span></a><br><a href=""https://climatejustice.social/tags/NoNaturalDisasters"" class=""mention hashtag"" rel=""nofollow noopener noreferrer"" target=""_blank"">#<span>NoNaturalDisasters</span></a> @anthropology<br>üáµüá≠üá¶üá∫üá∫üá∏</p>",https://climatejustice.social/@anthropam,https://files.mastodon.social/cache/accounts/avatars/109/296/046/670/778/490/original/370b77f56e1b6907.jpg,https://files.mastodon.social/cache/accounts/avatars/109/296/046/670/778/490/original/370b77f56e1b6907.jpg,https://files.mastodon.social/cache/accounts/headers/109/296/046/670/778/490/original/fe6530295c5a6eb9.jpg,https://files.mastodon.social/cache/accounts/headers/109/296/046/670/778/490/original/fe6530295c5a6eb9.jpg,588,565,162,11/22/2022,[],"[{'name': 'Personal', 'value': '<a href=""https://www.pamelacajilig.com/"" rel=""nofollow noopener noreferrer"" target=""_blank""><span class=""invisible"">https://www.</span><span class="""">pamelacajilig.com/</span><span class=""invisible""></span></a>', 'verified_at': None}, {'name': 'LinkedIn', 'value': '<a href=""https://www.linkedin.com/in/pamela-cajilig-44b443b7"" rel=""nofollow noopener noreferrer"" target=""_blank""><span class=""invisible"">https://www.</span><span class=""ellipsis"">linkedin.com/in/pamela-cajilig</span><span class=""invisible"">-44b443b7</span></a>', 'verified_at': None}, {'name': 'Curiosity', 'value': '<a href=""http://www.curiosity.ph/"" rel=""nofollow noopener noreferrer"" target=""_blank""><span class=""invisible"">http://www.</span><span class="""">curiosity.ph/</span><span class=""invisible""></span></a>', 'verified_at': None}, {'name': 'Pronouns', 'value': 'She/her/they/siya', 'verified_at': None}]",4,,,,,11/23/2022 9:12,,,Anthropologists
5,1.09246E+17,anthropomonde,anthropomonde,Anthropo-monde,FALSE,FALSE,TRUE,FALSE,11/21/2022,"<p>Anthroactu <a href=""https://mastodon.social/tags/anthropology"" class=""mention hashtag"" rel=""tag"">#<span>anthropology</span></a> <a href=""https://mastodon.social/tags/anthrotwitter"" class=""mention hashtag"" rel=""tag"">#<span>anthrotwitter</span></a> <a href=""https://mastodon.social/tags/anthropodon"" class=""mention hashtag"" rel=""tag"">#<span>anthropodon</span></a><br />EN, FR. Tag = repost. <br />Sp√©cialis√© en <a href=""https://mastodon.social/tags/politicalanthropology"" class=""mention hashtag"" rel=""tag"">#<span>politicalanthropology</span></a> <a href=""https://mastodon.social/tags/economicanthropology"" class=""mention hashtag"" rel=""tag"">#<span>economicanthropology</span></a> <a href=""https://mastodon.social/tags/globalanthropology"" class=""mention hashtag"" rel=""tag"">#<span>globalanthropology</span></a> </p><p><a href=""https://mastodon.social/tags/autodefensesanitaire"" class=""mention hashtag"" rel=""tag"">#<span>autodefensesanitaire</span></a> tant qu&#39;il le faudra</p><p>Sur Twitter : <a href=""https://twitter.com/anthropomonde"" target=""_blank"" rel=""nofollow noopener noreferrer""><span class=""invisible"">https://</span><span class="""">twitter.com/anthropomonde</span><span class=""invisible""></span></a></p>",https://mastodon.social/@anthropomonde,https://files.mastodon.social/accounts/avatars/109/245/996/633/387/829/original/8ec81f30a8ac6051.jpg,https://files.mastodon.social/accounts/avatars/109/245/996/633/387/829/original/8ec81f30a8ac6051.jpg,https://files.mastodon.social/accounts/headers/109/245/996/633/387/829/original/9073b6dd7a0ca997.jpg,https://files.mastodon.social/accounts/headers/109/245/996/633/387/829/original/9073b6dd7a0ca997.jpg,150,32,27,11/21/2022,[],[],5,FALSE,,,,11/23/2022 9:12,,,Anthropologists
6,1.09246E+17,BCernusa,BCernusa,Barbora,FALSE,FALSE,TRUE,FALSE,11/21/2022,<p>Researcher of digital rights of workers. PhD in Sociology. LLM in English law. ESRC postdoc fellow at Goldsmiths.</p>,https://mastodon.social/@bcernusa,https://files.mastodon.social/accounts/avatars/109/245/896/155/043/487/original/959de397271742b5.png,https://files.mastodon.social/accounts/avatars/109/245/896/155/043/487/original/959de397271742b5.png,https://files.mastodon.social/accounts/headers/109/245/896/155/043/487/original/428d2b3016d76134.jpg,https://files.mastodon.social/accounts/headers/109/245/896/155/043/487/original/428d2b3016d76134.jpg,89,86,8,11/21/2022,[],[],7,FALSE,,,,11/23/2022 9:12,,,Anthropologists
7,1.09306E+17,atama001,atama001@hcommons.social,Anamaria,FALSE,FALSE,TRUE,FALSE,11/21/2022,"<p>Critical theory, moving bodies, race, citizenship and gender. Feminist and performance methodologies. Professor, procrastinator. I should be writing but probably looking for references and books I don‚Äôt need or embroidering. Cat lady</p>",https://hcommons.social/@atama001,https://files.mastodon.social/cache/accounts/avatars/109/306/399/565/151/071/original/816765834ee1634e.jpeg,https://files.mastodon.social/cache/accounts/avatars/109/306/399/565/151/071/original/816765834ee1634e.jpeg,https://files.mastodon.social/cache/accounts/headers/109/306/399/565/151/071/original/c0525da1feac6504.png,https://files.mastodon.social/cache/accounts/headers/109/306/399/565/151/071/original/c0525da1feac6504.png,266,338,78,11/21/2022,[],"[{'name': 'Students blog', 'value': '<a href=""https://artegeneroudea.blogspot.com/?m=1"" rel=""nofollow noopener noreferrer"" target=""_blank""><span class=""invisible"">https://</span><span class=""ellipsis"">artegeneroudea.blogspot.com/?m</span><span class=""invisible"">=1</span></a>', 'verified_at': None}, {'name': 'Google scholar', 'value': '<a href=""https://scholar.google.com/citations?user=gJDVvMoAAAAJ&amp;hl=es"" rel=""nofollow noopener noreferrer"" target=""_blank""><span class=""invisible"">https://</span><span class=""ellipsis"">scholar.google.com/citations?u</span><span class=""invisible"">ser=gJDVvMoAAAAJ&amp;hl=es</span></a>', 'verified_at': None}, {'name': 'IG', 'value': '@anamariatd', 'verified_at': None}]",6,,,,,11/23/2022 9:12,,,Anthropologists
8,1.09317E+17,bjkingape,bjkingape@mastodon.online,Barbara J. King,FALSE,FALSE,FALSE,FALSE,11/22/2022,"<p>Anthropologist, animal activist, freelance science writer, TED speaker on animal love and grief, book critic. 7 books including How Animals Grieve; Personalities on the Plate: The Lives and Minds of Animals We Eat; Animals' Best Friends: Putting Compassion to Work for Animals in Captivity and in the Wild. Will post about <a href=""https://mastodon.online/tags/animals"" class=""mention hashtag"" rel=""nofollow noopener noreferrer"" target=""_blank"">#<span>animals</span></a>, <a href=""https://mastodon.online/tags/animalrights"" class=""mention hashtag"" rel=""nofollow noopener noreferrer"" target=""_blank"">#<span>animalrights</span></a>, <a href=""https://mastodon.online/tags/books"" class=""mention hashtag"" rel=""nofollow noopener noreferrer"" target=""_blank"">#<span>books</span></a>, <a href=""https://mastodon.online/tags/science"" class=""mention hashtag"" rel=""nofollow noopener noreferrer"" target=""_blank"">#<span>science</span></a>, <a href=""https://mastodon.online/tags/anthropology"" class=""mention hashtag"" rel=""nofollow noopener noreferrer"" target=""_blank"">#<span>anthropology</span></a>, <a href=""https://mastodon.online/tags/writing"" class=""mention hashtag"" rel=""nofollow noopener noreferrer"" target=""_blank"">#<span>writing</span></a>, <a href=""https://mastodon.online/tags/futureoffood"" class=""mention hashtag"" rel=""nofollow noopener noreferrer"" target=""_blank"">#<span>futureoffood</span></a>, <a href=""https://mastodon.online/tags/nature"" class=""mention hashtag"" rel=""nofollow noopener noreferrer"" target=""_blank"">#<span>nature</span></a>.</p>",https://mastodon.online/@bjkingape,https://files.mastodon.social/cache/accounts/avatars/109/316/681/744/743/868/original/a1c024b475e6b2ac.jpg,https://files.mastodon.social/cache/accounts/avatars/109/316/681/744/743/868/original/a1c024b475e6b2ac.jpg,https://files.mastodon.social/cache/accounts/headers/109/316/681/744/743/868/original/6a56e52dc10c8920.jpg,https://files.mastodon.social/cache/accounts/headers/109/316/681/744/743/868/original/6a56e52dc10c8920.jpg,319,188,49,11/22/2022,[],[],9,,,,,11/23/2022 9:12,,,Anthropologists
9,1.09316E+17,benjaminefrati,benjaminefrati@hcommons.social,Benjamin Efrati,FALSE,FALSE,FALSE,FALSE,11/20/2022,<p>PhD candidate @EHESS working on representations of prehistory in video games. Founder of Miracle arts collective. Soundtrack composer for animation. Transmedia artist. Proponent of psychedelic pragmatism.</p>,https://hcommons.social/@benjaminefrati,https://files.mastodon.social/cache/accounts/avatars/109/316/268/633/951/069/original/f15162e38c06c411.jpg,https://files.mastodon.social/cache/accounts/avatars/109/316/268/633/951/069/original/f15162e38c06c411.jpg,https://files.mastodon.social/cache/accounts/headers/109/316/268/633/951/069/original/4d66992b4e47de1a.jpg,https://files.mastodon.social/cache/accounts/headers/109/316/268/633/951/069/original/4d66992b4e47de1a.jpg,237,860,15,11/20/2022,[],"[{'name': 'Research', 'value': '<a href=""https://jvp.hypotheses.org/322"" rel=""nofollow noopener noreferrer"" target=""_blank""><span class=""invisible"">https://</span><span class="""">jvp.hypotheses.org/322</span><span class=""invisible""></span></a>', 'verified_at': '2022-11-22T11:51:29.417+00:00'}, {'name': 'Website', 'value': '<a href=""https://benjaminefrati.com/en/art/"" rel=""nofollow noopener noreferrer"" target=""_blank""><span class=""invisible"">https://</span><span class="""">benjaminefrati.com/en/art/</span><span class=""invisible""></span></a>', 'verified_at': '2022-11-22T11:51:30.769+00:00'}, {'name': 'Miracle', 'value': '<a href=""https://miracle.nu/com/presentation/miracle-animation/"" rel=""nofollow noopener noreferrer"" target=""_blank""><span class=""invisible"">https://</span><span class=""ellipsis"">miracle.nu/com/presentation/mi</span><span class=""invisible"">racle-animation/</span></a>', 'verified_at': '2022-11-22T11:51:32.873+00:00'}]",8,,,,,11/23/2022 9:12,,,"Anthropologists, History and philosophy of science"
10,1.09267E+17,CatherineMunro,CatherineMunro@writing.exchange,Catherine Munro,FALSE,FALSE,TRUE,FALSE,11/22/2022,"<p>Author &amp; anthropologist. Writing about human-animal relationships, landscape &amp; identity.<br>Book - The Ponies at the Edge of the World.</p>",https://writing.exchange/@catherinemunro,https://files.mastodon.social/cache/accounts/avatars/109/267/482/710/594/684/original/0673e45e7f9786f1.jpg,https://files.mastodon.social/cache/accounts/avatars/109/267/482/710/594/684/original/0673e45e7f9786f1.jpg,https://files.mastodon.social/cache/accounts/headers/109/267/482/710/594/684/original/ee89483d16ea5968.jpg,https://files.mastodon.social/cache/accounts/headers/109/267/482/710/594/684/original/ee89483d16ea5968.jpg,1119,513,112,11/22/2022,[],"[{'name': 'Pronouns', 'value': 'She/her', 'verified_at': None}, {'name': 'Blog', 'value': '<a href=""https://catherinemmunro.wordpress.com/"" rel=""nofollow noopener noreferrer"" target=""_blank""><span class=""invisible"">https://</span><span class="""">catherinemmunro.wordpress.com/</span><span class=""invisible""></span></a>', 'verified_at': None}, {'name': 'Book', 'value': '<a href=""https://www.goodreads.com/book/show/58949804-the-ponies-at-the-edge-of-the-world"" rel=""nofollow noopener noreferrer"" target=""_blank""><span class=""invisible"">https://www.</span><span class=""ellipsis"">goodreads.com/book/show/589498</span><span class=""invisible"">04-the-ponies-at-the-edge-of-the-world</span></a>', 'verified_at': None}, {'name': 'Ko-fi', 'value': '<a href=""https://ko-fi.com/catherinemunro"" rel=""nofollow noopener noreferrer"" target=""_blank""><span class=""invisible"">https://</span><span class="""">ko-fi.com/catherinemunro</span><span class=""invisible""></span></a>', 'verified_at': None}]",11,,,,,11/23/2022 9:12,,,Anthropologists
11,1.08199E+17,Carwil,Carwil@mastodon.online,Carwil Bjork-James,FALSE,FALSE,TRUE,FALSE,11/23/2022,"<p>anthropologist, revolutionary, professor, photographer, translator, father, dancer, lover of street art and human connection  ‚Äî research: Bolivia, collective rights, indigenous peoples, the state, mass movements, tactics, violence, public space, territory ‚Äî book: <a href=""http://bit.ly/SovStreet"" rel=""nofollow noopener noreferrer"" target=""_blank""><span class=""invisible"">http://</span><span class="""">bit.ly/SovStreet</span><span class=""invisible""></span></a> <a href=""https://mastodon.online/tags/Bolivia"" class=""mention hashtag"" rel=""nofollow noopener noreferrer"" target=""_blank"">#<span>Bolivia</span></a> <a href=""https://mastodon.online/tags/anthropology"" class=""mention hashtag"" rel=""nofollow noopener noreferrer"" target=""_blank"">#<span>anthropology</span></a></p><p>Carwil Bjork-James conducts immersive and historical research on disruptive protest, grassroots autonomy, state violence, and indigenous collective rights in Bolivia.</p>",https://mastodon.online/@carwil,https://files.mastodon.social/cache/accounts/avatars/108/198/799/780/351/729/original/d61cb2b65437c6a5.png,https://files.mastodon.social/cache/accounts/avatars/108/198/799/780/351/729/original/d61cb2b65437c6a5.png,https://files.mastodon.social/cache/accounts/headers/108/198/799/780/351/729/original/79e76df10617c4fd.jpg,https://files.mastodon.social/cache/accounts/headers/108/198/799/780/351/729/original/79e76df10617c4fd.jpg,182,140,913,11/23/2022,[],"[{'name': 'Blog', 'value': '<a href=""https://woborders.blog"" rel=""nofollow noopener noreferrer"" target=""_blank""><span class=""invisible"">https://</span><span class="""">woborders.blog</span><span class=""invisible""></span></a>', 'verified_at': '2022-11-22T11:51:35.865+00:00'}, {'name': 'Twitter', 'value': '<a href=""https://twitter.com/CarwilBJ"" rel=""nofollow noopener noreferrer"" target=""_blank""><span class=""invisible"">https://</span><span class="""">twitter.com/CarwilBJ</span><span class=""invisible""></span></a>', 'verified_at': None}]",10,,,,,11/23/2022 9:12,,,Anthropologists
12,1.09379E+17,chloeahmann,chloeahmann@mstdn.social,Chloe Ahmann,FALSE,FALSE,TRUE,FALSE,11/21/2022,<p>anthropologist at cornell studying industrial pasts and environmental futures</p>,https://mstdn.social/@chloeahmann,https://files.mastodon.social/cache/accounts/avatars/109/378/945/970/544/547/original/d9eea742620ab4bc.png,https://files.mastodon.social/cache/accounts/avatars/109/378/945/970/544/547/original/d9eea742620ab4bc.png,https://files.mastodon.social/cache/accounts/headers/109/378/945/970/544/547/original/2b10f8197b505c6b.jpeg,https://files.mastodon.social/cache/accounts/headers/109/378/945/970/544/547/original/2b10f8197b505c6b.jpeg,11,50,1,11/21/2022,[],"[{'name': 'website', 'value': '<a href=""https://www.chloeahmann.com"" rel=""nofollow noopener noreferrer"" target=""_blank""><span class=""invisible"">https://www.</span><span class="""">chloeahmann.com</span><span class=""invisible""></span></a>', 'verified_at': None}]",12,,,,,11/23/2022 9:12,,,Anthropologists
13,1.08195E+17,cmenzies,cmenzies@scholar.social,hagwil hayetsk/Charles Menzies,FALSE,FALSE,TRUE,FALSE,11/22/2022,"<p>hagwil hayetsk (Charles Menzies) is a member of Gitxaa≈Ça Nation. He is currently a Professor in the Department of Anthropology at the University of British Columbia in Vancouver, BC (listed for id purposes only). Nothing said or posted here is in anyway an official UBC statement of any kind.</p>",https://scholar.social/@cmenzies,https://files.mastodon.social/cache/accounts/avatars/108/194/828/161/896/328/original/0bb5137cff00e7e6.jpg,https://files.mastodon.social/cache/accounts/avatars/108/194/828/161/896/328/original/0bb5137cff00e7e6.jpg,https://files.mastodon.social/cache/accounts/headers/108/194/828/161/896/328/original/80679e9b00e8efcf.jpeg,https://files.mastodon.social/cache/accounts/headers/108/194/828/161/896/328/original/80679e9b00e8efcf.jpeg,276,145,100,11/22/2022,[],"[{'name': 'Web', 'value': '<a href=""https://menzies.arts.ubc.ca/"" rel=""nofollow noopener noreferrer"" target=""_blank""><span class=""invisible"">https://</span><span class="""">menzies.arts.ubc.ca/</span><span class=""invisible""></span></a>', 'verified_at': None}, {'name': 'Blog', 'value': '<a href=""https://charlesmenzies.blogspot.com/"" rel=""nofollow noopener noreferrer"" target=""_blank""><span class=""invisible"">https://</span><span class="""">charlesmenzies.blogspot.com/</span><span class=""invisible""></span></a>', 'verified_at': None}, {'name': 'Birdland', 'value': '<a href=""https://twitter.com/charlesmenzies"" rel=""nofollow noopener noreferrer"" target=""_blank""><span class=""invisible"">https://</span><span class="""">twitter.com/charlesmenzies</span><span class=""invisible""></span></a>', 'verified_at': None}, {'name': 'A Campus Resident', 'value': '<a href=""https://charlesmenzies.substack.com/"" rel=""nofollow noopener noreferrer"" target=""_blank""><span class=""invisible"">https://</span><span class="""">charlesmenzies.substack.com/</span><span class=""invisible""></span></a>', 'verified_at': None}]",13,,,,,11/23/2022 9:12,,,Anthropologists
15,1.09291E+17,davidrypel,davidrypel@mastodon.online,David Rypel,FALSE,FALSE,TRUE,FALSE,11/21/2022,"<p>Anthropologist of security and PhD student at UCL SSEES. </p><p>(Queer) security and belonging, Georgia (Sakartvelo), and ·É•·Éê·É†·Éó·É£·Éö·É° ·Éï·É°·É¨·Éê·Éï·Éö·Éù·Éë (üò±). </p><p>Bonnart Trust scholar. He/him.</p>",https://mastodon.online/@davidrypel,https://files.mastodon.social/cache/accounts/avatars/109/290/571/070/706/310/original/df729e38e82d9691.jpg,https://files.mastodon.social/cache/accounts/avatars/109/290/571/070/706/310/original/df729e38e82d9691.jpg,https://files.mastodon.social/cache/accounts/headers/109/290/571/070/706/310/original/0aaf49bee63a5cdb.jpg,https://files.mastodon.social/cache/accounts/headers/109/290/571/070/706/310/original/0aaf49bee63a5cdb.jpg,2,25,1,11/21/2022,[],"[{'name': 'UCL profile', 'value': '<a href=""https://www.ucl.ac.uk/ssees/david-rypel"" rel=""nofollow noopener noreferrer"" target=""_blank""><span class=""invisible"">https://www.</span><span class="""">ucl.ac.uk/ssees/david-rypel</span><span class=""invisible""></span></a>', 'verified_at': None}, {'name': 'Twitter', 'value': '<a href=""https://twitter.com/rypeld"" rel=""nofollow noopener noreferrer"" target=""_blank""><span class=""invisible"">https://</span><span class="""">twitter.com/rypeld</span><span class=""invisible""></span></a>', 'verified_at': None}]",15,,"{'id': '109381059112103871', 'username': 'davidrypel', 'acct': 'davidrypel@sciences.social', 'display_name': 'David Rypel', 'locked': False, 'bot': False, 'discoverable': True, 'group': False, 'created_at': '2022-11-18T00:00:00.000Z', 'note': '<p>Anthropologist of security and PhD student at UCL SSEES. Bonnart Trust scholar. He/him.</p><p>(Queer) security and belonging, Georgia (Sakartvelo), and ·É•·Éê·É†·Éó·É£·Éö·É° ·Éï·É°·É¨·Éê·Éï·Éö·Éù·Éë (üò±).</p>', 'url': 'https://sciences.social/@davidrypel', 'avatar': 'https://files.mastodon.social/cache/accounts/avatars/109/381/059/112/103/871/original/c2e1c5fac1a7393e.jpg', 'avatar_static': 'https://files.mastodon.social/cache/accounts/avatars/109/381/059/112/103/871/original/c2e1c5fac1a7393e.jpg', 'header': 'https://files.mastodon.social/cache/accounts/headers/109/381/059/112/103/871/original/60cef48a0453b561.jpg', 'header_static': 'https://files.mastodon.social/cache/accounts/headers/109/381/059/112/103/871/original/60cef48a0453b561.jpg', 'followers_count': 57, 'following_count': 51, 'statuses_count': 6, 'last_status_at': '2022-11-22', 'emojis': [], 'fields': [{'name': 'UCL profile', 'value': '<a href=""https://ucl.ac.uk/ssees/david-rypel"" rel=""nofollow noopener noreferrer"" target=""_blank""><span class=""invisible"">https://</span><span class="""">ucl.ac.uk/ssees/david-rypel</span><span class=""invisible""></span></a>', 'verified_at': None}, {'name': 'Twitter', 'value': '<a href=""https://twitter.com/rypeld"" rel=""nofollow noopener noreferrer"" target=""_blank""><span class=""invisible"">https://</span><span class="""">twitter.com/rypeld</span><span class=""invisible""></span></a>', 'verified_at': None}]}",,,11/23/2022 9:12,,,Anthropologists
16,1.09387E+17,dreimear,dreimear@mastodon.ie,DrEimear,FALSE,FALSE,FALSE,FALSE,11/22/2022,"<p>üáÆüá™ From Ireland üáÆüá™ <br>Postdoc in Social Anthropology <br>@Aarhus University Denmarküá©üá∞<br>Working with EURCAW-Pigs (European Reference Center for Animals Welfare-Pigs) and at the Dept of Anthropology - Aarhus University<br>PhD @UniofExeterüá¨üáß <br><a href=""https://mastodon.ie/tags/Transparency"" class=""mention hashtag"" rel=""nofollow noopener noreferrer"" target=""_blank"">#<span>Transparency</span></a> <a href=""https://mastodon.ie/tags/KillingAnimals"" class=""mention hashtag"" rel=""nofollow noopener noreferrer"" target=""_blank"">#<span>KillingAnimals</span></a> <a href=""https://mastodon.ie/tags/Denmark"" class=""mention hashtag"" rel=""nofollow noopener noreferrer"" target=""_blank"">#<span>Denmark</span></a><br>~I try all things,I achieve what I can~Moby Dick <br>(Eimear rhymes with dreamer)‚ú®</p>",https://mastodon.ie/@dreimear,https://files.mastodon.social/cache/accounts/avatars/109/387/309/657/068/160/original/ac631e3db6ccb19c.png,https://files.mastodon.social/cache/accounts/avatars/109/387/309/657/068/160/original/ac631e3db6ccb19c.png,https://static-cdn.mastodon.social/headers/original/missing.png,https://static-cdn.mastodon.social/headers/original/missing.png,32,46,3,11/22/2022,[],[],16,,,,,11/23/2022 9:12,,,Anthropologists
17,1.09258E+17,Drlaurian,Drlaurian,drlaurian,FALSE,FALSE,TRUE,FALSE,11/21/2022,"<p>Diasporic <a href=""https://mastodon.social/tags/Blackfeminist"" class=""mention hashtag"" rel=""tag"">#<span>Blackfeminist</span></a> <a href=""https://mastodon.social/tags/anthropologist"" class=""mention hashtag"" rel=""tag"">#<span>anthropologist</span></a> | chatty introvert | relationship anarchist | typo writer | <a href=""https://mastodon.social/tags/PanAfrican"" class=""mention hashtag"" rel=""tag"">#<span>PanAfrican</span></a></p>",https://mastodon.social/@drlaurian,https://files.mastodon.social/accounts/avatars/109/258/207/542/393/959/original/a24f4c2d652b4271.jpg,https://files.mastodon.social/accounts/avatars/109/258/207/542/393/959/original/a24f4c2d652b4271.jpg,https://static-cdn.mastodon.social/headers/original/missing.png,https://static-cdn.mastodon.social/headers/original/missing.png,24,11,1,11/21/2022,[],[],17,FALSE,,,,11/23/2022 9:12,,,Anthropologists
18,1.09286E+17,eisenberg_andy,eisenberg_andy@mstdn.social,Andrew J. Eisenberg,FALSE,FALSE,TRUE,FALSE,11/22/2022,<p>Assistant Professor of Music at NYU Abu Dhabi |<br>Research on music &amp; sound in Kenya | he/him</p>,https://mstdn.social/@eisenberg_andy,https://files.mastodon.social/cache/accounts/avatars/109/286/296/601/949/557/original/78a8bad1973afe22.jpg,https://files.mastodon.social/cache/accounts/avatars/109/286/296/601/949/557/original/78a8bad1973afe22.jpg,https://files.mastodon.social/cache/accounts/headers/109/286/296/601/949/557/original/510bfc0c335b97df.jpg,https://files.mastodon.social/cache/accounts/headers/109/286/296/601/949/557/original/510bfc0c335b97df.jpg,104,148,23,11/22/2022,[],"[{'name': 'Orcid', 'value': '<a href=""https://orcid.org/my-orcid?orcid=0000-0001-6976-7398"" rel=""nofollow noopener noreferrer"" target=""_blank""><span class=""invisible"">https://</span><span class=""ellipsis"">orcid.org/my-orcid?orcid=0000-</span><span class=""invisible"">0001-6976-7398</span></a>', 'verified_at': None}, {'name': 'Twitter', 'value': '<a href=""https://twitter.com/eisenberg_andy"" rel=""nofollow noopener noreferrer"" target=""_blank""><span class=""invisible"">https://</span><span class="""">twitter.com/eisenberg_andy</span><span class=""invisible""></span></a>', 'verified_at': None}]",18,,,,,11/23/2022 9:12,,,Anthropologists
20,1.09267E+17,emmakowal,emmakowal@aus.social,Emma Kowal,FALSE,FALSE,TRUE,FALSE,11/21/2022,<p>Anthropology Prof Deakin University STS/Indigeneity/genomics/colonialism Deputy Director @Deakin_ADI President @4sWeb also @SSNDeakin @SING_Australia @AusSTSgrad surname pron. Koval</p>,https://aus.social/@emmakowal,https://files.mastodon.social/cache/accounts/avatars/109/267/071/649/334/218/original/5cd8a7531a551bf0.png,https://files.mastodon.social/cache/accounts/avatars/109/267/071/649/334/218/original/5cd8a7531a551bf0.png,https://files.mastodon.social/cache/accounts/headers/109/267/071/649/334/218/original/cbbfc0591e7dc8d2.jpg,https://files.mastodon.social/cache/accounts/headers/109/267/071/649/334/218/original/cbbfc0591e7dc8d2.jpg,160,138,5,11/21/2022,[],[],20,,,,,11/23/2022 9:12,,,"Anthropologists, Science and technology studies"
23,1.09244E+17,fabiomattioli,fabiomattioli,Fabio Mattioli,FALSE,FALSE,TRUE,FALSE,11/22/2022,"<p>Anthropologist of Economy and Technology  @ the University of Melbourne.</p><p>Award-winning Author of Dark Finance @StanfordUP. </p><p>Financialization | Future of Artificial Intelligence | Aviation | Trolling &amp; fake news | Authoritarianism | </p><p>I live and work between Macedonia, Australia, and Italy. Love good photos, Capoeira, trombone, Shiraz.</p>",https://mastodon.social/@fabiomattioli,https://files.mastodon.social/accounts/avatars/109/244/100/699/597/330/original/3ff743e6ceb0c650.jpg,https://files.mastodon.social/accounts/avatars/109/244/100/699/597/330/original/3ff743e6ceb0c650.jpg,https://static-cdn.mastodon.social/headers/original/missing.png,https://static-cdn.mastodon.social/headers/original/missing.png,53,49,15,11/22/2022,[],"[{'name': 'Dark Finance', 'value': '<a href=""https://www.sup.org/books/title/?id=30690"" target=""_blank"" rel=""nofollow noopener noreferrer me""><span class=""invisible"">https://www.</span><span class="""">sup.org/books/title/?id=30690</span><span class=""invisible""></span></a>', 'verified_at': None}, {'name': 'University Profile', 'value': '<a href=""https://findanexpert.unimelb.edu.au/profile/802134-fabio-mattioli"" target=""_blank"" rel=""nofollow noopener noreferrer me""><span class=""invisible"">https://</span><span class=""ellipsis"">findanexpert.unimelb.edu.au/pr</span><span class=""invisible"">ofile/802134-fabio-mattioli</span></a>', 'verified_at': None}, {'name': 'Digital Flight Assistants Project', 'value': '<a href=""https://www.unimelb.edu.au/caide/research/from-pockets-to-cockpits"" target=""_blank"" rel=""nofollow noopener noreferrer me""><span class=""invisible"">https://www.</span><span class=""ellipsis"">unimelb.edu.au/caide/research/</span><span class=""invisible"">from-pockets-to-cockpits</span></a>', 'verified_at': None}]",23,FALSE,,,,11/23/2022 9:12,,,Anthropologists
24,198384,flgnk,flgnk@social.coop,Dr Kevin Flanagan,FALSE,FALSE,TRUE,FALSE,11/23/2022,"<p>I'm an Irish artist and anthropologist researching social movements, participatory and economic democracy, technology and digital culture. <a href=""https://social.coop/tags/anthropology"" class=""mention hashtag"" rel=""nofollow noopener noreferrer"" target=""_blank"">#<span>anthropology</span></a> <a href=""https://social.coop/tags/ethnography"" class=""mention hashtag"" rel=""nofollow noopener noreferrer"" target=""_blank"">#<span>ethnography</span></a> <a href=""https://social.coop/tags/commons"" class=""mention hashtag"" rel=""nofollow noopener noreferrer"" target=""_blank"">#<span>commons</span></a> <a href=""https://social.coop/tags/solidarityeconomy"" class=""mention hashtag"" rel=""nofollow noopener noreferrer"" target=""_blank"">#<span>solidarityeconomy</span></a> <a href=""https://social.coop/tags/coops"" class=""mention hashtag"" rel=""nofollow noopener noreferrer"" target=""_blank"">#<span>coops</span></a></p>",https://social.coop/@flgnk,https://files.mastodon.social/cache/accounts/avatars/000/198/384/original/aa92a57cdac72f30.jpg,https://files.mastodon.social/cache/accounts/avatars/000/198/384/original/aa92a57cdac72f30.jpg,https://files.mastodon.social/cache/accounts/headers/000/198/384/original/277e88361df6fc42.jpeg,https://files.mastodon.social/cache/accounts/headers/000/198/384/original/277e88361df6fc42.jpeg,331,484,470,11/23/2022,[],"[{'name': 'Personal Website', 'value': '<a href=""https://kevflanagan.wordpress.com/"" rel=""nofollow noopener noreferrer"" target=""_blank""><span class=""invisible"">https://</span><span class="""">kevflanagan.wordpress.com/</span><span class=""invisible""></span></a>', 'verified_at': '2022-11-22T11:51:26.257+00:00'}, {'name': 'ORCID', 'value': '<a href=""https://orcid.org/0000-0002-7717-1081"" rel=""nofollow noopener noreferrer"" target=""_blank""><span class=""invisible"">https://</span><span class="""">orcid.org/0000-0002-7717-1081</span><span class=""invisible""></span></a>', 'verified_at': None}, {'name': 'Twitter', 'value': '<a href=""https://twitter.com/flgnk"" rel=""nofollow noopener noreferrer"" target=""_blank""><span class=""invisible"">https://</span><span class="""">twitter.com/flgnk</span><span class=""invisible""></span></a>', 'verified_at': None}]",24,,,,,11/23/2022 9:12,,,Anthropologists
25,1.09315E+17,foodstudies,foodstudies@social.nkb.fr,Nicolas Kayser-Bril,FALSE,FALSE,TRUE,FALSE,11/22/2022,"<p>PhD student at the University of Regensburg (cultural studies - VKW).</p><p>Posts about food culture and industry in France and Germany from 19th century to present.</p><p>Header pict. from Jules Gouff√©'s Livre de Cuisine, 1870.</p>",https://social.nkb.fr/@foodstudies,https://files.mastodon.social/cache/accounts/avatars/109/315/453/597/241/000/original/a6e820640344625a.jpg,https://files.mastodon.social/cache/accounts/avatars/109/315/453/597/241/000/original/a6e820640344625a.jpg,https://files.mastodon.social/cache/accounts/headers/109/315/453/597/241/000/original/af93a0e65f1b04dd.png,https://files.mastodon.social/cache/accounts/headers/109/315/453/597/241/000/original/af93a0e65f1b04dd.png,327,54,10,11/22/2022,[],[],25,,,,,11/23/2022 9:12,,,Anthropologists
26,1.09304E+17,gkountourides,gkountourides@fediscience.org,gkountourides,FALSE,FALSE,TRUE,FALSE,11/22/2022,"<p>PhD Candidate researching menstrual cycles. Interning @CAREGlobal, focusing on making drug harm reduction programmes more 'female friendly'  ‚ú®<a href=""https://fediscience.org/tags/BBCExpertWoman"" class=""mention hashtag"" rel=""nofollow noopener noreferrer"" target=""_blank"">#<span>BBCExpertWoman</span></a>‚ú® Past @nhm_london‚Ä®ü¶ïBsc Zoology ü¶ÅMSc Human Evo üë£Has pet rabbits üê∞‚ú°Ô∏èüá®üáæ <a href=""https://fediscience.org/tags/ADHD"" class=""mention hashtag"" rel=""nofollow noopener noreferrer"" target=""_blank"">#<span>ADHD</span></a> she/her</p>",https://fediscience.org/@gkountourides,https://files.mastodon.social/cache/accounts/avatars/109/304/095/136/510/198/original/75cf7c43be266015.png,https://files.mastodon.social/cache/accounts/avatars/109/304/095/136/510/198/original/75cf7c43be266015.png,https://files.mastodon.social/cache/accounts/headers/109/304/095/136/510/198/original/783b548c77a6b5a0.jpeg,https://files.mastodon.social/cache/accounts/headers/109/304/095/136/510/198/original/783b548c77a6b5a0.jpeg,207,83,68,11/22/2022,[],"[{'name': 'My website', 'value': '<a href=""https://gkountourides.wixsite.com/helloworld"" rel=""nofollow noopener noreferrer"" target=""_blank""><span class=""invisible"">https://</span><span class=""ellipsis"">gkountourides.wixsite.com/hell</span><span class=""invisible"">oworld</span></a>', 'verified_at': None}, {'name': 'Youtube', 'value': '<a href=""https://www.youtube.com/channel/UClesJbzDt5mbRzpljpe10oA"" rel=""nofollow noopener noreferrer"" target=""_blank""><span class=""invisible"">https://www.</span><span class=""ellipsis"">youtube.com/channel/UClesJbzDt</span><span class=""invisible"">5mbRzpljpe10oA</span></a>', 'verified_at': None}, {'name': 'Rabbit IG', 'value': '<a href=""https://www.instagram.com/achillesandzahavi/?hl=en"" rel=""nofollow noopener noreferrer"" target=""_blank""><span class=""invisible"">https://www.</span><span class=""ellipsis"">instagram.com/achillesandzahav</span><span class=""invisible"">i/?hl=en</span></a>', 'verified_at': None}]",26,,,,,11/23/2022 9:12,,,"Anthropologists, Qualitative Researchers"
